{"cameraMode":{"drawMode":0,"name":"Shaded","section":"Shading Mode"},"sceneLighting":true,"audioPlay":false,"sceneViewState":{"m_AlwaysRefresh":false,"showFog":true,"showSkybox":true,"showFlares":true,"showImageEffects":true,"showParticleSystems":true,"showVisualEffectGraphs":true,"m_FxEnabled":true},"in2DMode":false,"pivot":{"x":-22.588449478149415,"y":-0.7473032474517822,"z":46.28812789916992},"rotation":{"x":-0.05413619428873062,"y":-0.5124748349189758,"z":0.032776303589344028,"w":-0.8566675186157227},"size":9.385356903076172,"orthographic":false}