{"cameraMode":{"drawMode":0,"name":"Shaded","section":"Shading Mode"},"sceneLighting":false,"audioPlay":false,"sceneViewState":{"m_AlwaysRefresh":false,"showFog":true,"showSkybox":false,"showFlares":true,"showImageEffects":true,"showParticleSystems":true,"showVisualEffectGraphs":true,"m_FxEnabled":true},"in2DMode":false,"pivot":{"x":0.06400275230407715,"y":22.784923553466798,"z":-0.04864788055419922},"rotation":{"x":-0.2270376831293106,"y":0.48536235094070437,"z":-0.13213884830474854,"w":-0.8339205384254456},"size":51.51298141479492,"orthographic":false}